{"version": "v1", "config": {"visState": {"filters": [], "layers": [{"id": "ydiyslk", "type": "point", "config": {"dataId": "Casos de Zika em 2016", "label": "Casos de Zika", "color": [183, 136, 94], "columns": {"lat": "latitude", "lng": "longitude", "altitude": null}, "isVisible": true, "visConfig": {"radius": 10, "fixedRadius": false, "opacity": 0.8, "outline": false, "thickness": 2, "strokeColor": null, "colorRange": {"name": "Global Warming", "type": "sequential", "category": "Uber", "colors": ["#5A1846", "#900C3F", "#C70039", "#E3611C", "#F1920E", "#FFC300"]}, "strokeColorRange": {"name": "Global Warming", "type": "sequential", "category": "Uber", "colors": ["#5A1846", "#900C3F", "#C70039", "#E3611C", "#F1920E", "#FFC300"]}, "radiusRange": [1, 40], "filled": true}, "textLabel": [{"field": null, "color": [255, 255, 255], "size": 18, "offset": [0, 0], "anchor": "start", "alignment": "center"}]}, "visualChannels": {"colorField": null, "colorScale": "quantile", "strokeColorField": null, "strokeColorScale": "quantile", "sizeField": null, "sizeScale": "linear"}}, {"id": "icdqzjm", "type": "point", "config": {"dataId": "Casos de Dengue em 2016", "label": "Casos de Dengue", "color": [32, 103, 172], "columns": {"lat": "latitude", "lng": "longitude", "altitude": null}, "isVisible": true, "visConfig": {"radius": 10, "fixedRadius": false, "opacity": 0.8, "outline": false, "thickness": 2, "strokeColor": null, "colorRange": {"name": "Global Warming", "type": "sequential", "category": "Uber", "colors": ["#5A1846", "#900C3F", "#C70039", "#E3611C", "#F1920E", "#FFC300"]}, "strokeColorRange": {"name": "Global Warming", "type": "sequential", "category": "Uber", "colors": ["#5A1846", "#900C3F", "#C70039", "#E3611C", "#F1920E", "#FFC300"]}, "radiusRange": [0, 50], "filled": true}, "textLabel": [{"field": null, "color": [255, 255, 255], "size": 18, "offset": [0, 0], "anchor": "start", "alignment": "center"}]}, "visualChannels": {"colorField": null, "colorScale": "quantile", "strokeColorField": null, "strokeColorScale": "quantile", "sizeField": null, "sizeScale": "linear"}}, {"id": "u28x356", "type": "point", "config": {"dataId": "Casos de Chikungunya em 2016", "label": "Casos de Chikungunia", "color": [125, 194, 64], "columns": {"lat": "latitude", "lng": "longitude", "altitude": null}, "isVisible": true, "visConfig": {"radius": 10, "fixedRadius": false, "opacity": 0.8, "outline": false, "thickness": 2, "strokeColor": null, "colorRange": {"name": "Global Warming", "type": "sequential", "category": "Uber", "colors": ["#5A1846", "#900C3F", "#C70039", "#E3611C", "#F1920E", "#FFC300"]}, "strokeColorRange": {"name": "Global Warming", "type": "sequential", "category": "Uber", "colors": ["#5A1846", "#900C3F", "#C70039", "#E3611C", "#F1920E", "#FFC300"]}, "radiusRange": [0, 50], "filled": true}, "textLabel": [{"field": null, "color": [255, 255, 255], "size": 18, "offset": [0, 0], "anchor": "start", "alignment": "center"}]}, "visualChannels": {"colorField": null, "colorScale": "quantile", "strokeColorField": null, "strokeColorScale": "quantile", "sizeField": null, "sizeScale": "linear"}}], "interactionConfig": {"tooltip": {"fieldsToShow": {"Casos de Zika em 2016": ["ID_AGRAVO", "SEM_NOT", "NU_ANO", "ID_MUNICIP", "DT_SIN_PRI"], "Casos de Dengue em 2016": ["ID_AGRAVO", "SEM_NOT", "NU_ANO", "ID_MUNICIP", "DT_SIN_PRI"], "Casos de Chikungunya em 2016": ["ID_AGRAVO", "SEM_NOT", "NU_ANO", "ID_MUNICIP", "DT_SIN_PRI"]}, "enabled": true}, "brush": {"size": 0.5, "enabled": false}}, "layerBlending": "normal", "splitMaps": [], "animationConfig": {"currentTime": null, "speed": 1}}, "mapState": {"bearing": 24, "dragRotate": true, "latitude": -22.802329589865103, "longitude": -43.383896341999, "pitch": 50, "zoom": 9.379836309981588, "isSplit": false}, "mapStyle": {"styleType": "dark", "topLayerGroups": {}, "visibleLayerGroups": {"label": true, "road": true, "border": false, "building": true, "water": true, "land": true, "3d building": false}, "threeDBuildingColor": [9.665468314072013, 17.18305478057247, 31.1442867897876], "mapStyles": {}}}}